[
  {
    "ID": "123456",
    "name": "John Doe",
    "age": 20,
    "skills": ["JavaScript", "HTML", "CSS"],
    "isLeader": true,
    "address": "123 Main Street, City, Country"
  },
  {
    "ID": "123456",
    "name": "vav Doe",
    "age": 20,
    "skills": ["JavaScript", "HTML", "CSS"],
    "isLeader": true,
    "address": null
  },
  {
    "ID": "123456",
    "name": "John Doe",
    "age": 20,
    "skills": ["JavaScript", "HTML", "CSS"],
    "isLeader": true,
    "address": "123 Main Street, City, Country"
  }
]
